"SOURCE_ID","Point_Count","GiPValue","GiZScore","Gi_Bin","Gi_Text","NNeighbors"
1,11,0.09405238,1.67439814,0,"Not Significant",25
2,0,0.00607098,-2.74392271,-2,"Cold Spot with 95% Confidence",41
3,10,0.03273982,-2.13525954,-2,"Cold Spot with 95% Confidence",41
4,12,0.0517511,1.94519843,1,"Hot Spot with 90% Confidence",22
5,9,0.00550051,-2.77615998,-2,"Cold Spot with 95% Confidence",39
6,3,0.00682619,-2.70520675,-2,"Cold Spot with 95% Confidence",40
7,5,0.02362136,-2.26323244,-2,"Cold Spot with 95% Confidence",21
8,1,0.11428988,-1.57920134,0,"Not Significant",34
9,1,0.12006683,-1.55449316,0,"Not Significant",12
10,1,0.00124976,-3.22727287,-3,"Cold Spot with 99% Confidence",41
11,15,0.01087518,-2.54668431,-2,"Cold Spot with 95% Confidence",40
12,6,0.0019432,-3.09877954,-3,"Cold Spot with 99% Confidence",42
13,2,0.00058963,-3.43633991,-3,"Cold Spot with 99% Confidence",43
14,4,0.2795527,1.08132474,0,"Not Significant",30
15,0,0.0017604,-3.12793326,-3,"Cold Spot with 99% Confidence",40
16,1,0.00439025,-2.84866933,-2,"Cold Spot with 95% Confidence",30
17,2,0.00336332,-2.93242001,-3,"Cold Spot with 99% Confidence",39
18,3,0.00457861,-2.83527583,-2,"Cold Spot with 95% Confidence",36
19,0,0.01623087,-2.40368236,-2,"Cold Spot with 95% Confidence",38
20,0,0.00607098,-2.74392271,-2,"Cold Spot with 95% Confidence",41
21,4,0.08520558,-1.72124937,-1,"Cold Spot with 90% Confidence",37
22,13,0.0019432,-3.09877954,-3,"Cold Spot with 99% Confidence",42
23,9,0.00785622,2.65818726,2,"Hot Spot with 95% Confidence",13
24,0,0.00332432,-2.93603931,-3,"Cold Spot with 99% Confidence",36
25,1,0.04176307,-2.03587336,-2,"Cold Spot with 95% Confidence",17
26,6,0.0019432,-3.09877954,-3,"Cold Spot with 99% Confidence",42
27,13,0.00031357,3.60382538,3,"Hot Spot with 99% Confidence",15
28,4,0.02638018,-2.22056877,-2,"Cold Spot with 95% Confidence",39
29,1,0.0006104,-3.42695217,-3,"Cold Spot with 99% Confidence",42
30,0,0.00591647,-2.75237509,-2,"Cold Spot with 95% Confidence",42
31,1,0.0020662,-3.08054772,-3,"Cold Spot with 99% Confidence",42
32,2,0.02972303,-2.17376178,-2,"Cold Spot with 95% Confidence",18
33,6,0.00180936,-3.11986173,-3,"Cold Spot with 99% Confidence",41
34,1,0.00355623,-2.91505779,-3,"Cold Spot with 99% Confidence",39
35,0,0.01679728,-2.39111516,-2,"Cold Spot with 95% Confidence",26
36,2,0.03732423,2.08219972,2,"Hot Spot with 95% Confidence",14
37,2,0.16692733,-1.38214453,0,"Not Significant",37
38,10,0.41199265,-0.82039206,0,"Not Significant",32
39,25,2.84e-06,4.68190103,3,"Hot Spot with 99% Confidence",7
40,0,0.03367367,-2.12395779,-2,"Cold Spot with 95% Confidence",40
41,2,0.00058963,-3.43633991,-3,"Cold Spot with 99% Confidence",43
42,3,0.01634967,-2.40101481,-2,"Cold Spot with 95% Confidence",35
43,3,0.0020662,-3.08054772,-3,"Cold Spot with 99% Confidence",42
44,4,9.9e-07,4.8928379,3,"Hot Spot with 99% Confidence",6
45,10,0.01086527,-2.54700227,-2,"Cold Spot with 95% Confidence",41
46,18,0.00550896,2.77566117,2,"Hot Spot with 95% Confidence",18
47,24,0.01023423,-2.56781328,-2,"Cold Spot with 95% Confidence",39
48,12,0.60062161,0.52350681,0,"Not Significant",36
49,13,0.02638018,-2.22056877,-2,"Cold Spot with 95% Confidence",39
50,6,0.01830123,-2.35946657,-2,"Cold Spot with 95% Confidence",39
51,5,0.00097071,-3.29888031,-3,"Cold Spot with 99% Confidence",41
52,8,0.00625428,-2.73414328,-2,"Cold Spot with 95% Confidence",42
53,1,0.00375276,-2.89822959,-3,"Cold Spot with 99% Confidence",42
54,3,0.00812575,-2.64679956,-2,"Cold Spot with 95% Confidence",28
55,31,3.43e-06,4.64310973,3,"Hot Spot with 99% Confidence",8
56,113,0.00021491,3.70081287,3,"Hot Spot with 99% Confidence",14
57,31,2.584e-05,4.20735665,3,"Hot Spot with 99% Confidence",11
58,31,3.412e-05,4.14408865,3,"Hot Spot with 99% Confidence",10
